seed,layer,position,position_label,mean_logit_recovery,median_logit_recovery,valid_examples
20261009,0,0,left addend,0.3766023516654968,0.36179184913635254,100
20261009,0,1,operator,0.0002835669438354671,0.0,100
20261009,0,2,right addend,0.18323896825313568,0.05777185782790184,100
20261009,0,3,equals,0.19908832013607025,0.11516337841749191,100
20261009,1,0,left addend,0.0,0.0,100
20261009,1,1,operator,0.0,0.0,100
20261009,1,2,right addend,0.0,0.0,100
20261009,1,3,equals,1.0,1.0,100
20261010,0,0,left addend,0.44644373655319214,0.4599629044532776,100
20261010,0,1,operator,-0.00041359462193213403,0.0,100
20261010,0,2,right addend,0.16165630519390106,0.024591604247689247,100
20261010,0,3,equals,0.07401791214942932,0.055010370910167694,100
20261010,1,0,left addend,0.0,0.0,100
20261010,1,1,operator,0.0,0.0,100
20261010,1,2,right addend,0.0,0.0,100
20261010,1,3,equals,1.0,1.0,100
20261011,0,0,left addend,0.40340831875801086,0.3347187638282776,100
20261011,0,1,operator,7.644532161066309e-06,0.0,100
20261011,0,2,right addend,0.15099455416202545,0.06329773366451263,100
20261011,0,3,equals,0.08189927786588669,0.01524070929735899,100
20261011,1,0,left addend,0.0,0.0,100
20261011,1,1,operator,0.0,0.0,100
20261011,1,2,right addend,0.0,0.0,100
20261011,1,3,equals,1.0,1.0,100
20261012,0,0,left addend,0.21796342730522156,0.16228622198104858,100
20261012,0,1,operator,0.0010244658915326,0.0,100
20261012,0,2,right addend,0.05960717052221298,0.027683807536959648,100
20261012,0,3,equals,0.39121514558792114,0.41086331009864807,100
20261012,1,0,left addend,0.0,0.0,100
20261012,1,1,operator,0.0,0.0,100
20261012,1,2,right addend,0.0,0.0,100
20261012,1,3,equals,1.0,1.0,100
