seed,step,loss,accuracy
20261009,1,2.435182571411133,0.10000000149011612
20261009,100,0.0057637072168290615,1.0
20261009,200,0.00019051585695706308,1.0
20261009,300,0.00011398884817026556,1.0
20261010,1,2.3901278972625732,0.10000000149011612
20261010,100,0.00046047178329899907,1.0
20261010,200,0.00023006851552054286,1.0
20261010,300,0.00014669749361928552,1.0
20261011,1,2.5031235218048096,0.10000000149011612
20261011,100,0.0004292093508411199,1.0
20261011,200,0.00021051567455288023,1.0
20261011,300,0.00013473903527483344,1.0
20261012,1,2.4590489864349365,0.05999999865889549
20261012,100,0.014029017649590969,1.0
20261012,200,0.00019631230679806322,1.0
20261012,300,0.00011554600496310741,1.0
